"UserConversionType","LastUpdateDate","LastUpdatedBy","CreationDate","CreatedBy","LastUpdateLogin","Description","Attribute1","Attribute2","Attribute3","Attribute4","Attribute5","Attribute6","Attribute7","Attribute8","Attribute9","Attribute10","Attribute11","Attribute12","Attribute13","Attribute14","Attribute15","FemEnabledFlag","FemScenario","FemRateTypeCode","FemTimeframe","SecurityFlag","PivotCurrencyCode","EnforceInverseRateFlag","UserOverrideCrossRateFlag","EnableCrossRateFlag","AttributeCategory"
"Corporate","2023/03/21 09:49:34.0","Admin User","2020/04/09 18:48:06.001","SEED_DATA_FROM_APPLICATION","F765C9826C00B8A6E053E560410ABECC","Corporate Exchange Rate","","","","","","","","","","","","","","","","","","","","N","USD","Y","Y","Y",""
"Fixed","2023/01/20 14:45:51.363463","SEED_DATA_FROM_APPLICATION","2020/04/09 18:48:08.778","SEED_DATA_FROM_APPLICATION","-1","Fixed Rate","","","","","","","","","","","","","","","","","","","","N","","Y","N","N",""
"Spot","2023/03/21 09:49:34.063","Admin User","2020/04/09 18:48:08.791","SEED_DATA_FROM_APPLICATION","F765C9826C00B8A6E053E560410ABECC","Spot Exchange Rate","","","","","","","","","","","","","","","","","","","","N","USD","Y","Y","Y",""
"User","2023/01/20 14:45:51.363463","SEED_DATA_FROM_APPLICATION","2020/04/09 18:48:08.803","SEED_DATA_FROM_APPLICATION","-1","User Specified Rate","","","","","","","","","","","","","","","","","","","","N","","Y","N","N",""
"Albaik Period End Rates","2022/07/31 18:29:05.053","Albaik","2022/07/31 18:28:00.001","Albaik","E3DFC2AD6EDCABFEE053E560410AB3F8","Albaik Period End Rates","","","","","","","","","","","","","","","","","","","","N","","Y","N","N",""
"Albaik Period Average Rates","2022/08/08 11:19:48.49","FLIPKART","2022/07/31 18:28:30.13","Albaik","E3DFC2B0E6BAABE0E053E560410A1FA3","Albaik Period Average Rates","","","","","","","","","","","","","","","","","","","","N","","Y","N","N",""
"AAP Period End Rates","2022/08/27 12:48:06.011","AAP","2022/08/27 12:47:27.001","AAP","E3DFC2D55E78AC02E053E560410A088D","AAP Period End Rates","","","","","","","","","","","","","","","","","","","","N","","Y","N","N",""
"Alibaba Period End Rates","2022/10/31 01:34:13.874","ALIBABA","2022/10/31 01:33:19.002","ALIBABA","EB937CE2B816E638E053E660410A541F","Alibaba Period End Rates","","","","","","","","","","","","","","","","","","","","N","","Y","N","N",""
"Alibaba Period Average Rates","2022/10/31 01:34:20.683","ALIBABA","2022/10/31 01:33:49.402","ALIBABA","EB937CE2B816E638E053E660410A541F","Alibaba Period Average Rates","","","","","","","","","","","","","","","","","","","","N","","Y","N","N",""
"Strides Period End Rates","2023/01/14 08:05:57.296","LTI Demo User","2023/01/14 08:05:57.015","LTI Demo User","F1E070587CBFFD59E053E560410A40BD","Strides Period End Rates","","","","","","","","","","","","","","","","","","","","N","","Y","N","N",""
"Strides Period Average Rates","2023/01/14 08:05:57.353","LTI Demo User","2023/01/14 08:05:57.241","LTI Demo User","F1E070587CBFFD59E053E560410A40BD","Strides Period Average Rates","","","","","","","","","","","","","","","","","","","","N","","Y","N","N",""
"Accord Period Average Rates","2022/08/27 12:47:48.387","AAP","2022/08/08 11:19:07.001","FLIPKART","E3DFC2D55E78AC02E053E560410A088D","Accord Period Average Rates","","","","","","","","","","","","","","","","","","","","N","","Y","N","N",""
"Accord Period End Rates","2022/08/08 11:19:54.723","FLIPKART","2022/08/08 11:19:29.955","FLIPKART","E3DFC2B0E6BAABE0E053E560410A1FA3","Accord Period End Rates","","","","","","","","","","","","","","","","","","","","N","","Y","N","N",""
"Brand Period End Rates","2022/08/27 12:47:48.616","AAP","2022/08/20 03:12:39.001","BRAND","E3DFC2D55E78AC02E053E560410A088D","Brand Period End Rates","","","","","","","","","","","","","","","","","","","","N","","Y","N","N",""
"Brand Period Average Rates","2022/08/27 12:47:48.59","AAP","2022/08/20 03:12:57.442","BRAND","E3DFC2D55E78AC02E053E560410A088D","Brand Period Average Rates","","","","","","","","","","","","","","","","","","","","N","","Y","N","N",""
"AAP Period Average Rates","2023/01/18 11:02:24.984","AXIS","2022/08/27 12:47:50.301","AAP","F1E07ECB76CBFD9DE053E560410A85EE","AAP Period Average Rates","","","","","","","","","","","","","","","","","","","","N","","Y","N","N",""
"Axis Period Average Rate","2023/01/18 11:02:25.116","AXIS","2023/01/18 11:01:38.001","AXIS","F1E07ECB76CBFD9DE053E560410A85EE","Axis Period Average Rate","","","","","","","","","","","","","","","","","","","","N","","Y","N","Y",""
"Axis Period End Rates","2023/01/18 11:02:25.175","AXIS","2023/01/18 11:01:57.704","AXIS","F1E07ECB76CBFD9DE053E560410A85EE","Axis Period End Rates","","","","","","","","","","","","","","","","","","","","N","","Y","N","Y",""
