"GL_LEDGER.Name","GL_SECONDARY_LEDGER.Name","Name","TargetLedgerCategoryCode","RelationshipTypeCode","Name1","TargetCurrencyCode","Name3","ApplicationShortName","OrgIdTrans","TargetLedgerName","RelationshipEnabledFlag","InheritCreationUserFlag","LastUpdateDate","LastUpdatedBy","CreationDate","CreatedBy","LastUpdateLogin","AutomaticPostFlag","AlcNoRateActionCode","AlcMaxDaysRollRate","AlcInheritConversionType","AlcInitConvOptionCode","AlcInitPeriod","AlcInitDate","AlcInitializingRateDate","DisableConversionDate","StatusCode","RevExpXlationRuleCode","OwnerEquityXlationRuleCode","TargetLedgerShortName","Name2","Name4","Attribute1","Attribute10","Attribute11","Attribute12","Attribute13","Attribute14","Attribute15","Attribute2","Attribute3","Attribute4","Attribute5","Attribute6","Attribute7","Attribute8","Attribute9","AttributeCategory","AlcDefaultConvRateTypeTrans","AlcInitializingRateTypeTrans","AlcPeriodAverageRateTypeTrans","AlcPeriodEndRateTypeTrans"
"Albaik Primary Ledger","Albaik Primary Ledger","Albaik Primary Ledger","ALC","BALANCE","Albaik Primary Ledger","INR","Albaik Primary Ledger","GL","-99","Albaik Reporting in INR","Y","Y","2022/07/31 18:58:15.858","Albaik","2022/07/31 18:57:02.001","Albaik","E3DFC2AD6EDCABFEE053E560410AB3F8","Y","REPORT_ERROR","","N","","","","","","CONFIRMED","PTD","PTD","300000020206961","Albaik Primary Ledger","","","","","","","","","","","","","","","","","","","","Albaik Period Average Rates","Albaik Period End Rates"
"Albaik Primary Ledger","Albaik Primary Ledger","Albaik Primary Ledger","ALC","JOURNAL","Albaik INR Reporting","INR","Albaik Primary Ledger","GL","-99","Albaik INR Reporting","Y","Y","2022/08/08 18:01:19.218","Albaik","2022/08/08 18:00:36.006","Albaik","E3DFC2BE2144ABD4E053E560410AD52A","Y","REPORT_ERROR","","N","","","","","","CONFIRMED","PTD","PTD","300000020299277","Albaik Primary Ledger","","","","","","","","","","","","","","","","","","Corporate","","Albaik Period Average Rates","Albaik Period End Rates"
"Albaik Primary Ledger","Albaik Primary Ledger","Albaik Primary Ledger","SECONDARY","JOURNAL","Albaik Secondary Ledger","INR","Albaik Primary Ledger","GL","-99","Albaik Secondary Ledger","N","Y","2022/08/08 18:19:25.879","Albaik","2022/08/08 18:19:25.442","Albaik","E3E052BF5D347FFCE053E660410A102B","N","REPORT_ERROR","","Y","","","","","","CONFIRMED","","","300000020299290","Albaik Primary Ledger","","","","","","","","","","","","","","","","","","","","",""
"Albaik Primary Ledger","Albaik Primary Ledger","Albaik Primary Ledger","SECONDARY","JOURNAL","Albaik Secondary Ledger1","INR","Albaik Primary Ledger","GL","-99","Albaik Secondary Ledger1","Y","Y","2022/08/08 18:28:09.0","Albaik","2022/08/08 18:21:31.701","Albaik","E3E052BF5D347FFCE053E660410A102B","N","REPORT_ERROR","","Y","","","","","","CONFIRMED","","","300000020299294","Albaik Primary Ledger","Albaik PL and SL Mapping","","","","","","","","","","","","","","","","","Corporate","","",""
"Google US Primary Ledger","Google US Primary Ledger","Google US Primary Ledger","SECONDARY","JOURNAL","Google Secondary Ledger1","INR","Google US Primary Ledger","GL","-1","Google Secondary Ledger1","Y","Y","2022/08/17 15:48:43.003","Google","2022/08/17 15:39:08.306","Google","E3DFC2A584D9AB99E053E560410AB3DA","N","REPORT_ERROR","","Y","","","","","","CONFIRMED","","","300000020273347","Google US Primary Ledger","","","","","","","","","","","","","","","","","","Corporate","","",""
"Google US Primary Ledger","Google US Primary Ledger","Google US Primary Ledger","SECONDARY","JOURNAL","Google SL","INR","Google US Primary Ledger","GL","-99","Google SL","Y","Y","2022/08/17 17:07:52.0","Google","2022/08/17 17:04:04.318","Google","E3DFC2A584D9AB99E053E560410AB3DA","N","REPORT_ERROR","","Y","","","","","","CONFIRMED","","","300000020273361","Google US Primary Ledger","Google PL&SL Mapping","","","","","","","","","","","","","","","","","Corporate","","",""
"Google US Primary Ledger","Google US Primary Ledger","Google US Primary Ledger","ALC","JOURNAL","Google Reporting Ledger in INR","INR","Google US Primary Ledger","GL","-99","Google Reporting Ledger in INR","Y","Y","2022/08/17 14:26:50.0","Google","2022/08/17 14:24:27.001","Google","E3E05B938F2C80E5E053E660410ACBFC","Y","REPORT_ERROR","","N","","","","","","CONFIRMED","PTD","PTD","300000020375270","Google US Primary Ledger","","","","","","","","","","","","","","","","","","Corporate","","",""
"CITI10 US","CITI10 US","CITI10 US","SECONDARY","ADJUST","CITI10 US SECONDARY","USD","CITI10 US","GL","-1","CITI10 US SECONDARY","Y","Y","2023/03/21 09:51:35.299","Admin User","2023/03/21 09:51:34.98","Admin User","F76684C16980C08FE053E560410AA32C","N","REPORT_ERROR","","Y","","","","","","CONFIRMED","","","300000060176304","CITI10 US","","","","","","","","","","","","","","","","","","","","",""
"Axis IND PL","Axis IND PL","Axis IND PL","ALC","BALANCE","Axis IND PL","USD","Axis IND PL","GL","-99","Axis INR to  USD Translation","Y","Y","2023/01/18 15:50:29.021","AXIS","2023/01/17 16:55:07.001","AXIS","F2875FFFA7AFF7D1E053E660410AE533","Y","REPORT_ERROR","","N","","","","","","CONFIRMED","PTD","PTD","300000058174780","Axis IND PL","","","","","","","","","","","","","","","","","","","","Axis Period Average Rate","Axis Period End Rates"
"Axis IND PL","Axis IND PL","Axis IND PL","ALC","JOURNAL","AXIS_USD_REPORT","USD","Axis IND PL","GL","-99","AXIS_USD_REPORT","Y","Y","2023/01/18 15:50:29.023","AXIS","2023/01/17 17:27:09.001","AXIS","F2875FFFA7AFF7D1E053E660410AE533","Y","REPORT_ERROR","","N","","","","","","CONFIRMED","PTD","PTD","300000058174783","Axis IND PL","","","","","","","","","","","","","","","","","","Corporate","","",""
"Axis IND PL","Axis IND PL","Axis IND PL","SECONDARY","JOURNAL","Axis US SL","USD","Axis IND PL","GL","-99","Axis US SL","Y","Y","2023/01/18 15:50:29.025","AXIS","2023/01/18 06:10:14.956","AXIS","F2875FFFA7AFF7D1E053E660410AE533","N","REPORT_ERROR","","Y","","","","","","CONFIRMED","","","300000058174793","Axis IND PL","Axis PL and SL Mapping","","","","","","","","","","","","","","","","","Corporate","","",""
"Jaza Primary Ledger","Jaza Primary Ledger","Jaza Primary Ledger","ALC","JOURNAL","Jaza Reporting Ledger in INR","INR","Jaza Primary Ledger","GL","-99","Jaza Reporting Ledger in INR","Y","Y","2022/07/21 07:25:42.631","JAZA","2022/07/21 07:22:20.001","JAZA","E3DFC27130C3ABA3E053E560410A4AE7","Y","REPORT_ERROR","","N","","","","","","CONFIRMED","PTD","PTD","300000020112896","Jaza Primary Ledger","","","","","","","","","","","","","","","","","","Corporate","","",""
"Brand US Primary Ledger","Brand US Primary Ledger","Brand US Primary Ledger","ALC","BALANCE","Brand US Primary Ledger","INR","Brand US Primary Ledger","GL","-99","Brand USD to INR Translation","Y","Y","2022/08/21 09:21:22.542","BRAND","2022/08/21 09:19:15.001","BRAND","E3E04CFA3DF17FFAE053E660410A2D7A","Y","REPORT_ERROR","","N","","","","","","CONFIRMED","PTD","PTD","300000020375370","Brand US Primary Ledger","","","","","","","","","","","","","","","","","","","","Brand Period Average Rates","Brand Period End Rates"
"Brand US Primary Ledger","Brand US Primary Ledger","Brand US Primary Ledger","ALC","JOURNAL","BRANDINR REPORTING","INR","Brand US Primary Ledger","GL","-99","BRANDINR REPORTING","Y","Y","2022/08/18 14:30:10.002","BRAND","2022/08/18 14:29:28.001","BRAND","E3DFC281A644ABF8E053E560410A1C08","Y","REPORT_ERROR","","N","","","","","","CONFIRMED","PTD","PTD","300000020375323","Brand US Primary Ledger","","","","","","","","","","","","","","","","","","Corporate","","",""
"Brand US Primary Ledger","Brand US Primary Ledger","Brand US Primary Ledger","SECONDARY","JOURNAL","Brand Secondary Ledger","INR","Brand US Primary Ledger","GL","-99","Brand Secondary Ledger","Y","Y","2022/08/18 15:38:26.0","BRAND","2022/08/18 15:34:29.189","BRAND","E3DFC2C2648EABD4E053E560410AD52A","N","REPORT_ERROR","","Y","","","","","","CONFIRMED","","","300000020375330","Brand US Primary Ledger","Brand PL an SL Mapping","","","","","","","","","","","","","","","","","Corporate","","",""
"Accord Primary Ledger","Accord Primary Ledger","Accord Primary Ledger","ALC","BALANCE","Accord Primary Ledger","INR","Accord Primary Ledger","GL","-99","Accord SAR to INR translation","Y","Y","2022/08/08 12:25:23.323","FLIPKART","2022/08/08 12:24:53.002","FLIPKART","E3DFC2B0E6BAABE0E053E560410A1FA3","Y","REPORT_ERROR","","N","","","","","","CONFIRMED","PTD","PTD","300000020273178","Accord Primary Ledger","","","","","","","","","","","","","","","","","","","","Accord Period Average Rates","Accord Period End Rates"
"Accord Primary Ledger","Accord Primary Ledger","Accord Primary Ledger","SECONDARY","JOURNAL","Accord Secondary Ledger","INR","Accord Primary Ledger","GL","-99","Accord Secondary Ledger","Y","Y","2022/08/08 08:18:10.0","FLIPKART","2022/08/08 07:35:42.347","FLIPKART","E3E052DCAAFB802EE053E660410AE0A7","N","REPORT_ERROR","","Y","","","","","","CONFIRMED","","","300000020273037","Accord Primary Ledger","Accord PL and SL Mapping","","","","","","","","","","","","","","","","","Corporate","","",""
"CITI6 US","CITI6 US","CITI6 US","SECONDARY","ADJUST","CITI6 US SECONDARY","USD","CITI6 US","GL","-1","CITI6 US SECONDARY","Y","Y","2023/01/18 10:17:41.378","LTI Demo User","2023/01/18 10:17:41.029","LTI Demo User","F1DE256ABA6EE741E053E660410A3318","N","REPORT_ERROR","","Y","","","","","","CONFIRMED","","","300000060138084","CITI6 US","","","","","","","","","","","","","","","","","","","","",""
"CITI7 US","CITI7 US","CITI7 US","SECONDARY","ADJUST","CITI7 US SECONDARY","USD","CITI7 US","GL","-1","CITI7 US SECONDARY","Y","Y","2023/01/19 05:09:57.351","LTI Demo User","2023/01/19 05:09:56.927","LTI Demo User","F1E09490B337FE39E053E560410A3FE6","N","REPORT_ERROR","","Y","","","","","","CONFIRMED","","","300000060157412","CITI7 US","","","","","","","","","","","","","","","","","","","","",""
"CITI8 US","CITI8 US","CITI8 US","SECONDARY","ADJUST","CITI8 US SECONDARY","USD","CITI8 US","GL","-1","CITI8 US SECONDARY","Y","Y","2023/01/19 11:53:56.585","LTI Demo User","2023/01/19 11:53:56.47","LTI Demo User","F1DE21A4BFE0E678E053E660410A0268","N","REPORT_ERROR","","Y","","","","","","CONFIRMED","","","300000060157430","CITI8 US","","","","","","","","","","","","","","","","","","","","",""
"CITI9 US","CITI9 US","CITI9 US","SECONDARY","ADJUST","CITI9 US SECONDARY","USD","CITI9 US","GL","-1","CITI9 US SECONDARY","Y","Y","2023/01/19 14:46:10.115","LTI Demo User","2023/01/19 14:46:09.973","LTI Demo User","F1DE2DE76D69E7B7E053E660410AD227","N","REPORT_ERROR","","Y","","","","","","CONFIRMED","","","300000060145246","CITI9 US","","","","","","","","","","","","","","","","","","","","",""
"CITI15 US","CITI15 US","CITI15 US","SECONDARY","JOURNAL","CITI15 SL","EUR","CITI15 US","GL","-1","CITI15 SL","Y","Y","2023/03/28 11:43:03.549","Admin User","2023/03/28 11:43:03.235","Admin User","F7E77E8BB7DAB38FE053E660410A2862","N","REPORT_ERROR","","Y","","","","","","CONFIRMED","","","300000060780398","CITI15 US","","","","","","","","","","","","","","","","","","Corporate","","",""
"Accord India PL","Accord India PL","Accord India PL","ALC","JOURNAL","Accord INR Reporting Ledger","INR","Accord India PL","GL","-99","Accord INR Reporting Ledger","Y","Y","2022/08/08 02:54:40.623","FLIPKART","2022/08/08 02:53:15.001","FLIPKART","E3E052B104028007E053E660410A9BFA","Y","REPORT_ERROR","","N","","","","","","CONFIRMED","PTD","PTD","300000020282395","Accord India PL","","","","","","","","","","","","","","","","","","Corporate","","",""
"AAP US Primary Ledger","AAP US Primary Ledger","AAP US Primary Ledger","ALC","BALANCE","AAP US Primary Ledger","INR","AAP US Primary Ledger","GL","-99","AAP INR Translation","Y","Y","2022/08/27 12:51:11.786","AAP","2022/08/27 12:50:25.002","AAP","E3DFC2D55E78AC02E053E560410A088D","Y","REPORT_ERROR","","N","","","","","","CONFIRMED","PTD","PTD","300000056853835","AAP US Primary Ledger","","","","","","","","","","","","","","","","","","","","AAP Period Average Rates","AAP Period End Rates"
"AAP US Primary Ledger","AAP US Primary Ledger","AAP US Primary Ledger","ALC","JOURNAL","AAP INR Reporting Ledger","INR","AAP US Primary Ledger","GL","-99","AAP INR Reporting Ledger","Y","Y","2022/08/27 09:45:32.026","AAP","2022/08/26 17:34:10.001","AAP","E72DE328BE355CE6E053E660410AB4E0","Y","REPORT_ERROR","","N","","","","","","CONFIRMED","PTD","PTD","300000056895743","AAP US Primary Ledger","","","","","","","","","","","","","","","","","","Corporate","","",""
"AAP US Primary Ledger","AAP US Primary Ledger","AAP US Primary Ledger","SECONDARY","JOURNAL","AAP Secondary Ledger","INR","AAP US Primary Ledger","GL","-99","AAP Secondary Ledger","Y","Y","2022/08/27 09:45:32.029","AAP","2022/08/27 09:39:18.846","AAP","E72DE328BE355CE6E053E660410AB4E0","N","REPORT_ERROR","","Y","","","","","","CONFIRMED","","","300000056895755","AAP US Primary Ledger","AAP PL and SL Mapping","","","","","","","","","","","","","","","","","Corporate","","",""
"LG USA Primary ledger","LG USA Primary ledger","LG USA Primary ledger","ALC","JOURNAL","LG INR Reporting","INR","LG USA Primary ledger","GL","-99","LG INR Reporting","Y","Y","2022/10/03 07:41:04.856","SHAIK","2022/10/03 07:39:49.001","SHAIK","E3DFC2D5377FABD4E053E560410AD52A","Y","REPORT_ERROR","","N","","","","","","CONFIRMED","PTD","PTD","300000057279663","LG USA Primary ledger","","","","","","","","","","","","","","","","","","Corporate","","",""
"Alibaba US PL","Alibaba US PL","Alibaba US PL","ALC","BALANCE","Alibaba US PL","INR","Alibaba US PL","GL","-99","Alibaba INR Translation","Y","Y","2022/10/31 02:34:01.44","ALIBABA","2022/10/31 02:33:12.001","ALIBABA","EB937CE2B816E638E053E660410A541F","Y","REPORT_ERROR","","N","","","","","","CONFIRMED","PTD","PTD","300000057559130","Alibaba US PL","","","","","","","","","","","","","","","","","","","","Alibaba Period Average Rates","Alibaba Period End Rates"
"Alibaba US PL","Alibaba US PL","Alibaba US PL","ALC","JOURNAL","Alibaba INR Reporting","INR","Alibaba US PL","GL","-99","Alibaba INR Reporting","Y","Y","2022/10/28 03:34:54.172","ALIBABA","2022/10/28 03:33:12.002","ALIBABA","EB937BEB5FAAE634E053E660410AA643","Y","REPORT_ERROR","","N","","","","","","CONFIRMED","PTD","PTD","300000057573243","Alibaba US PL","","","","","","","","","","","","","","","","","","Corporate","","",""
"Alibaba US PL","Alibaba US PL","Alibaba US PL","SECONDARY","JOURNAL","Alibaba Secondary Ledger","USD","Alibaba US PL","GL","-99","Alibaba Secondary Ledger","N","Y","2022/10/28 06:57:20.011","ALIBABA","2022/10/28 06:57:19.681","ALIBABA","EB937C58C93DE62EE053E660410A6E5A","N","REPORT_ERROR","","Y","","","","","","CONFIRMED","","","300000057573253","Alibaba US PL","","","","","","","","","","","","","","","","","","","","",""
"Alibaba US PL","Alibaba US PL","Alibaba US PL","SECONDARY","JOURNAL","Alibaba Secondary LED","USD","Alibaba US PL","GL","-99","Alibaba Secondary LED","Y","Y","2022/10/28 07:07:58.0","ALIBABA","2022/10/28 06:59:36.558","ALIBABA","EB937C58C93DE62EE053E660410A6E5A","N","REPORT_ERROR","","Y","","","","","","CONFIRMED","","","300000057573257","Alibaba US PL","Alibaba PL and SL Mapping","","","","","","","","","","","","","","","","","","","",""
"Brand UAE Primary Ledger","Brand UAE Primary Ledger","Brand UAE Primary Ledger","ALC","JOURNAL","Brand INR Reporting","INR","Brand UAE Primary Ledger","GL","-99","Brand INR Reporting","Y","Y","2022/08/18 14:10:50.151","BRAND","2022/08/18 14:09:50.0","BRAND","E3DFC2B5C013ABE0E053E560410A1FA3","Y","REPORT_ERROR","","N","","","","","","CONFIRMED","PTD","PTD","300000020375310","Brand UAE Primary Ledger","","","","","","","","","","","","","","","","","","Corporate","","",""
"CITI5 US","CITI5 US","CITI5 US","SECONDARY","ADJUST","CITI5 US SECONDARY LEDGER","USD","CITI5 US","GL","-1","CITI5 US SECONDARY LEDGER","Y","Y","2023/01/18 10:00:21.152","LTI Demo User","2023/01/18 10:00:20.941","LTI Demo User","F1E06BA7D64BFD07E053E560410A0D85","N","REPORT_ERROR","","Y","","","","","","CONFIRMED","","","300000060138075","CITI5 US","","","","","","","","","","","","","","","","","","","","",""
"Vision US US","Vision US US","Vision US US","ALC","BALANCE","Vision US US","EUR","Vision US US","GL","-99","Global","Y","Y","2023/03/16 14:05:41.031","LTI Demo User","2023/03/16 14:05:11.001","LTI Demo User","F65DDE95DCEEC891E053E560410A20DF","Y","REPORT_ERROR","","N","","","","","","CONFIRMED","PTD","PTD","300000058752021","Vision US US","","","","","","","","","","","","","","","","","","","","Corporate","Corporate"
