"GL_LEDGER.Name","GL_SECONDARY_LEDGER.Name","ORA_GL_LEDGER_RELATIONSHIP.Name","ORA_GL_LEDGER_RELATIONSHIP.TargetLedgerCategoryCode","ORA_GL_LEDGER_RELATIONSHIP.RelationshipTypeCode","ORA_GL_LEDGER_RELATIONSHIP.Name1","ORA_GL_LEDGER_RELATIONSHIP.TargetCurrencyCode","ORA_GL_LEDGER_RELATIONSHIP.Name3","ORA_GL_LEDGER_RELATIONSHIP.ApplicationShortName","ORA_GL_LEDGER_RELATIONSHIP.OrgIdTrans","JeSourceKey","JeCategoryKey","JeSourceName","JeCategoryName","UserUpdatableFlag","IncludeFlag","CreationDate","CreatedBy","LastUpdateLogin","LastUpdateDate","LastUpdatedBy","Attribute1","Attribute2","Attribute3","Attribute4","Attribute5","Attribute6","Attribute7","Attribute8","Attribute9","Attribute10","Attribute11","Attribute12","Attribute13","Attribute14","Attribute15","AttributeCategory","AlcInheritConversionType","AlcDefaultConvRateTypeTrans"
"Albaik Primary Ledger","Albaik Primary Ledger","Albaik Primary Ledger","ALC","BALANCE","Albaik Primary Ledger","INR","Albaik Primary Ledger","GL","-99","Other","Other","Other","Other","Y","Y","2022/07/31 18:58:15.904","Albaik","E3DFC2AD6EDCABFEE053E560410AB3F8","2022/07/31 18:58:16.245","Albaik","","","","","","","","","","","","","","","","","",""
"Albaik Primary Ledger","Albaik Primary Ledger","Albaik Primary Ledger","ALC","JOURNAL","Albaik INR Reporting","INR","Albaik Primary Ledger","GL","-99","Other","Other","Other","Other","Y","Y","2022/08/08 18:00:54.889","Albaik","E3DFC2BE2144ABD4E053E560410AD52A","2022/08/08 18:01:19.308","Albaik","","","","","","","","","","","","","","","","","",""
"Albaik Primary Ledger","Albaik Primary Ledger","Albaik Primary Ledger","SECONDARY","JOURNAL","Albaik Secondary Ledger","INR","Albaik Primary Ledger","GL","-99","Other","Other","Other","Other","Y","Y","2022/08/08 18:19:25.459","Albaik","E3E052BF5D347FFCE053E660410A102B","2022/08/08 18:19:25.887","Albaik","","","","","","","","","","","","","","","","","",""
"Albaik Primary Ledger","Albaik Primary Ledger","Albaik Primary Ledger","SECONDARY","JOURNAL","Albaik Secondary Ledger1","INR","Albaik Primary Ledger","GL","-99","Other","Other","Other","Other","Y","Y","2022/08/08 18:21:31.715","Albaik","E3E052BF5D347FFCE053E660410A102B","2022/08/08 18:21:32.011","Albaik","","","","","","","","","","","","","","","","","",""
"Google US Primary Ledger","Google US Primary Ledger","Google US Primary Ledger","SECONDARY","JOURNAL","Google Secondary Ledger1","INR","Google US Primary Ledger","GL","-1","Other","Other","Other","Other","Y","Y","2022/08/17 15:39:08.324","Google","E3DFC2A584D9AB99E053E560410AB3DA","2022/08/17 15:39:08.489","Google","","","","","","","","","","","","","","","","","",""
"Google US Primary Ledger","Google US Primary Ledger","Google US Primary Ledger","SECONDARY","JOURNAL","Google SL","INR","Google US Primary Ledger","GL","-99","Other","Other","Other","Other","Y","Y","2022/08/17 17:04:04.337","Google","E3DFC2A584D9AB99E053E560410AB3DA","2022/08/17 17:04:04.437","Google","","","","","","","","","","","","","","","","","",""
"Google US Primary Ledger","Google US Primary Ledger","Google US Primary Ledger","ALC","JOURNAL","Google Reporting Ledger in INR","INR","Google US Primary Ledger","GL","-99","Other","Other","Other","Other","Y","Y","2022/08/17 14:24:46.806","Google","E3E05B938F2C80E5E053E660410ACBFC","2022/08/17 14:25:35.691","Google","","","","","","","","","","","","","","","","","",""
"CITI10 US","CITI10 US","CITI10 US","SECONDARY","ADJUST","CITI10 US SECONDARY","USD","CITI10 US","GL","-1","Other","Other","Other","Other","Y","Y","2023/03/21 09:51:35.154","Admin User","F76684C16980C08FE053E560410AA32C","2023/03/21 09:51:35.331","Admin User","","","","","","","","","","","","","","","","","",""
"Axis IND PL","Axis IND PL","Axis IND PL","ALC","BALANCE","Axis IND PL","USD","Axis IND PL","GL","-99","Other","Other","Other","Other","Y","Y","2023/01/17 16:59:08.323","AXIS","F1E06C904774FD1FE053E560410A51D2","2023/01/17 16:59:08.579","AXIS","","","","","","","","","","","","","","","","","",""
"Axis IND PL","Axis IND PL","Axis IND PL","ALC","JOURNAL","AXIS_USD_REPORT","USD","Axis IND PL","GL","-99","Other","Other","Other","Other","Y","Y","2023/01/17 17:27:11.948","AXIS","F1E06C904774FD1FE053E560410A51D2","2023/01/17 17:29:12.274","AXIS","","","","","","","","","","","","","","","","","",""
"Axis IND PL","Axis IND PL","Axis IND PL","SECONDARY","JOURNAL","Axis US SL","USD","Axis IND PL","GL","-99","Other","Other","Other","Other","Y","Y","2023/01/18 06:10:14.973","AXIS","F1E07EDE40E5FDD0E053E560410A0960","2023/01/18 06:10:15.31","AXIS","","","","","","","","","","","","","","","","","",""
"Jaza Primary Ledger","Jaza Primary Ledger","Jaza Primary Ledger","ALC","JOURNAL","Jaza Reporting Ledger in INR","INR","Jaza Primary Ledger","GL","-99","Other","Other","Other","Other","Y","Y","2022/07/21 07:22:30.486","JAZA","E3DFC27130C3ABA3E053E560410A4AE7","2022/07/21 07:25:42.847","JAZA","","","","","","","","","","","","","","","","","",""
"Brand US Primary Ledger","Brand US Primary Ledger","Brand US Primary Ledger","ALC","BALANCE","Brand US Primary Ledger","INR","Brand US Primary Ledger","GL","-99","Other","Other","Other","Other","Y","Y","2022/08/21 09:21:22.599","BRAND","E3E04CFA3DF17FFAE053E660410A2D7A","2022/08/21 09:21:22.835","BRAND","","","","","","","","","","","","","","","","","",""
"Brand US Primary Ledger","Brand US Primary Ledger","Brand US Primary Ledger","ALC","JOURNAL","BRANDINR REPORTING","INR","Brand US Primary Ledger","GL","-99","Other","Other","Other","Other","Y","Y","2022/08/18 14:29:50.237","BRAND","E3DFC281A644ABF8E053E560410A1C08","2022/08/18 14:30:10.108","BRAND","","","","","","","","","","","","","","","","","",""
"Brand US Primary Ledger","Brand US Primary Ledger","Brand US Primary Ledger","SECONDARY","JOURNAL","Brand Secondary Ledger","INR","Brand US Primary Ledger","GL","-99","Other","Other","Other","Other","Y","Y","2022/08/18 15:34:29.203","BRAND","E3DFC2C2648EABD4E053E560410AD52A","2022/08/18 15:34:29.527","BRAND","","","","","","","","","","","","","","","","","",""
"Accord Primary Ledger","Accord Primary Ledger","Accord Primary Ledger","ALC","BALANCE","Accord Primary Ledger","INR","Accord Primary Ledger","GL","-99","Other","Other","Other","Other","Y","Y","2022/08/08 12:25:23.374","FLIPKART","E3DFC2B0E6BAABE0E053E560410A1FA3","2022/08/08 12:25:23.717","FLIPKART","","","","","","","","","","","","","","","","","",""
"Accord Primary Ledger","Accord Primary Ledger","Accord Primary Ledger","SECONDARY","JOURNAL","Accord Secondary Ledger","INR","Accord Primary Ledger","GL","-99","Other","Other","Other","Other","Y","Y","2022/08/08 07:35:42.361","FLIPKART","E3E052DCAAFB802EE053E660410AE0A7","2022/08/08 07:35:42.94","FLIPKART","","","","","","","","","","","","","","","","","",""
"CITI6 US","CITI6 US","CITI6 US","SECONDARY","ADJUST","CITI6 US SECONDARY","USD","CITI6 US","GL","-1","Other","Other","Other","Other","Y","Y","2023/01/18 10:17:41.047","LTI Demo User","F1DE256ABA6EE741E053E660410A3318","2023/01/18 10:17:41.416","LTI Demo User","","","","","","","","","","","","","","","","","",""
"CITI7 US","CITI7 US","CITI7 US","SECONDARY","ADJUST","CITI7 US SECONDARY","USD","CITI7 US","GL","-1","Other","Other","Other","Other","Y","Y","2023/01/19 05:09:56.94","LTI Demo User","F1E09490B337FE39E053E560410A3FE6","2023/01/19 05:09:57.375","LTI Demo User","","","","","","","","","","","","","","","","","",""
"CITI8 US","CITI8 US","CITI8 US","SECONDARY","ADJUST","CITI8 US SECONDARY","USD","CITI8 US","GL","-1","Other","Other","Other","Other","Y","Y","2023/01/19 11:53:56.484","LTI Demo User","F1DE21A4BFE0E678E053E660410A0268","2023/01/19 11:53:56.599","LTI Demo User","","","","","","","","","","","","","","","","","",""
"CITI9 US","CITI9 US","CITI9 US","SECONDARY","ADJUST","CITI9 US SECONDARY","USD","CITI9 US","GL","-1","Other","Other","Other","Other","Y","Y","2023/01/19 14:46:09.988","LTI Demo User","F1DE2DE76D69E7B7E053E660410AD227","2023/01/19 14:46:10.139","LTI Demo User","","","","","","","","","","","","","","","","","",""
"CITI15 US","CITI15 US","CITI15 US","SECONDARY","JOURNAL","CITI15 SL","EUR","CITI15 US","GL","-1","Other","Other","Other","Other","Y","Y","2023/03/28 11:43:03.449","Admin User","F7E77E8BB7DAB38FE053E660410A2862","2023/03/28 11:43:03.601","Admin User","","","","","","","","","","","","","","","","","",""
"Accord India PL","Accord India PL","Accord India PL","ALC","JOURNAL","Accord INR Reporting Ledger","INR","Accord India PL","GL","-99","Other","Other","Other","Other","Y","Y","2022/08/08 02:53:46.575","FLIPKART","E3E052B104028007E053E660410A9BFA","2022/08/08 02:54:37.223","FLIPKART","","","","","","","","","","","","","","","","","",""
"AAP US Primary Ledger","AAP US Primary Ledger","AAP US Primary Ledger","ALC","BALANCE","AAP US Primary Ledger","INR","AAP US Primary Ledger","GL","-99","Other","Other","Other","Other","Y","Y","2022/08/27 12:51:09.282","AAP","E3DFC2D55E78AC02E053E560410A088D","2022/08/27 12:51:09.365","AAP","","","","","","","","","","","","","","","","","",""
"AAP US Primary Ledger","AAP US Primary Ledger","AAP US Primary Ledger","ALC","JOURNAL","AAP INR Reporting Ledger","INR","AAP US Primary Ledger","GL","-99","Other","Other","Other","Other","Y","Y","2022/08/26 17:34:18.543","AAP","E3DFC2837A9EABF6E053E560410A9C14","2022/08/26 17:35:03.74","AAP","","","","","","","","","","","","","","","","","",""
"AAP US Primary Ledger","AAP US Primary Ledger","AAP US Primary Ledger","SECONDARY","JOURNAL","AAP Secondary Ledger","INR","AAP US Primary Ledger","GL","-99","Other","Other","Other","Other","Y","Y","2022/08/27 09:39:18.864","AAP","E3E04A111B5C7FEBE053E660410AB00F","2022/08/27 09:39:19.698","AAP","","","","","","","","","","","","","","","","","",""
"LG USA Primary ledger","LG USA Primary ledger","LG USA Primary ledger","ALC","JOURNAL","LG INR Reporting","INR","LG USA Primary ledger","GL","-99","Other","Other","Other","Other","Y","Y","2022/10/03 07:40:15.468","SHAIK","E3DFC2D5377FABD4E053E560410AD52A","2022/10/03 07:41:05.022","SHAIK","","","","","","","","","","","","","","","","","",""
"Alibaba US PL","Alibaba US PL","Alibaba US PL","ALC","BALANCE","Alibaba US PL","INR","Alibaba US PL","GL","-99","Other","Other","Other","Other","Y","Y","2022/10/31 02:34:01.478","ALIBABA","EB937CE2B816E638E053E660410A541F","2022/10/31 02:34:01.902","ALIBABA","","","","","","","","","","","","","","","","","",""
"Alibaba US PL","Alibaba US PL","Alibaba US PL","ALC","JOURNAL","Alibaba INR Reporting","INR","Alibaba US PL","GL","-99","Other","Other","Other","Other","Y","Y","2022/10/28 03:33:39.773","ALIBABA","EB937BEB5FAAE634E053E660410AA643","2022/10/28 03:34:50.087","ALIBABA","","","","","","","","","","","","","","","","","",""
"Alibaba US PL","Alibaba US PL","Alibaba US PL","SECONDARY","JOURNAL","Alibaba Secondary Ledger","USD","Alibaba US PL","GL","-99","Other","Other","Other","Other","Y","Y","2022/10/28 06:57:19.7","ALIBABA","EB937C58C93DE62EE053E660410A6E5A","2022/10/28 06:57:20.018","ALIBABA","","","","","","","","","","","","","","","","","",""
"Alibaba US PL","Alibaba US PL","Alibaba US PL","SECONDARY","JOURNAL","Alibaba Secondary LED","USD","Alibaba US PL","GL","-99","Other","Other","Other","Other","Y","Y","2022/10/28 06:59:36.581","ALIBABA","EB937C58C93DE62EE053E660410A6E5A","2022/10/28 06:59:36.766","ALIBABA","","","","","","","","","","","","","","","","","",""
"Brand UAE Primary Ledger","Brand UAE Primary Ledger","Brand UAE Primary Ledger","ALC","JOURNAL","Brand INR Reporting","INR","Brand UAE Primary Ledger","GL","-99","Other","Other","Other","Other","Y","Y","2022/08/18 14:09:54.767","BRAND","E3DFC2B5C013ABE0E053E560410A1FA3","2022/08/18 14:10:50.266","BRAND","","","","","","","","","","","","","","","","","",""
"CITI5 US","CITI5 US","CITI5 US","SECONDARY","ADJUST","CITI5 US SECONDARY LEDGER","USD","CITI5 US","GL","-1","Other","Other","Other","Other","Y","Y","2023/01/18 10:00:20.987","LTI Demo User","F1E06BA7D64BFD07E053E560410A0D85","2023/01/18 10:00:21.178","LTI Demo User","","","","","","","","","","","","","","","","","",""
"Vision US US","Vision US US","Vision US US","ALC","BALANCE","Vision US US","EUR","Vision US US","GL","-99","Other","Other","Other","Other","Y","Y","2023/03/16 14:05:38.132","LTI Demo User","F65DDE95DCEEC891E053E560410A20DF","2023/03/16 14:05:39.331","LTI Demo User","","","","","","","","","","","","","","","","","",""
