"GL_LEDGER.Name","ObjectTypeCode","SetupStepCode","LedgerName","LegalEntityIdentifier","ObjectName","NextActionCode","StatusCode","CreatedBy","LastUpdateLogin","LastUpdateDate","LastUpdatedBy","CreationDate","TimeZoneDefaultLeFlag","TaxDefaultLeFlag"
"Albaik Primary Ledger","LEGAL_ENTITY","NONE","","ALB80879666","Albaik Jeddah Legal Entity","NONE","CONFIRMED","Albaik","E3DFC04C9F85AB86E053E560410A5979","2022/07/27 07:25:03.652","Albaik","2022/07/27 07:24:57.0","Y",""
"DURGA PLedger","LEGAL_ENTITY","NONE","","DURGA 12345","DURGA LegalEntity","NONE","CONFIRMED","DURGA","E3E052BD7ADA7FFCE053E660410A102B","2022/08/04 07:52:31.252","DURGA","2022/08/04 07:52:19.001","Y",""
"Google US Primary Ledger","LEGAL_ENTITY","NONE","","GOO587686868","Google Legal Entity","NONE","CONFIRMED","Google","E3DFC26F29F0ABF1E053E560410A985B","2022/08/11 14:29:55.496","Google","2022/08/11 14:29:52.0","Y",""
"Sidra US PL","LEGAL_ENTITY","NONE","","SIDR4647475886868","Sidra US LE","NONE","CONFIRMED","SIDRA","EB937CB9ACB6E630E053E660410A64DD","2022/11/05 16:48:21.121","SIDRA","2022/11/05 16:48:05.001","Y",""
"JAAL US PL","LEGAL_ENTITY","NONE","","JA1i6896979797","JAAL US1 LE","NONE","CONFIRMED","JAAL","EB93827D368BE642E053E660410A9962","2022/11/14 13:47:43.511","JAAL","2022/11/14 13:47:35.001","Y",""
"JAAL US PL","LEGAL_ENTITY","NONE","","JA279879796979","JAAL US2 LE","NONE","CONFIRMED","JAAL","EB93827D368BE642E053E660410A9962","2022/11/14 13:47:43.566","JAAL","2022/11/14 13:47:39.176","N",""
"GMR Primary Ledger","LEGAL_ENTITY","NONE","","LT Legal Entity","GMR Legal Entity","NONE","CONFIRMED","Akhil","F2B80543F9122582E053E660410AE0B6","2023/02/02 17:04:58.346","Akhil","2023/02/02 17:04:43.003","Y",""
"FT Primary Ledger","LEGAL_ENTITY","NONE","","FT Legal Entity","FT Legal Entity","NONE","CONFIRMED","Akhil","F2B7FFA342572567E053E660410A496C","2023/02/03 15:02:43.323","Akhil","2023/02/03 15:02:38.001","Y",""
"CITI10 US","LEGAL_ENTITY","NONE","","12345678910","CITI_US10","NONE","CONFIRMED","Admin User","F76684C16980C08FE053E560410AA32C","2023/03/21 09:51:35.212","Admin User","2023/03/21 09:51:34.738","Y",""
"CITI10 GB","LEGAL_ENTITY","NONE","","123432345110","CITI_UK10","NONE","CONFIRMED","Super User","F65EBD6BDD522204E053E660410A0685","2023/03/14 07:36:21.516","Super User","2023/03/14 07:36:21.001","N",""
"CITI12 US","LEGAL_ENTITY","NONE","","92345678912","CITI_US12","NONE","CONFIRMED","Admin User","F65DDC4BBA28C82BE053E560410A7C71","2023/03/14 13:21:00.095","Admin User","2023/03/14 13:21:00.0","Y",""
"DOCUSIGN USD PL","LEGAL_ENTITY","NONE","","US103111","Infotech USA Corporation","NONE","CONFIRMED","virendra.phophaliya@lntinfotech.com","C57C4176CD12B5CAE053E660410AEE9E","2021/06/24 04:37:23.581","virendra.phophaliya@lntinfotech.com","2021/06/24 04:37:17.318","Y",""
"DOCUSIGN USD PL","LEGAL_ENTITY","NONE","","US103100","Infotech Marketing - US Napa","NONE","CONFIRMED","virendra.phophaliya@lntinfotech.com","C57C4176CD12B5CAE053E660410AEE9E","2021/06/24 04:37:23.909","virendra.phophaliya@lntinfotech.com","2021/06/24 04:37:17.906","N",""
"DOCUSIGN USD PL","LEGAL_ENTITY","NONE","","US104111","Infotech Consulting -US","NONE","CONFIRMED","virendra.phophaliya@lntinfotech.com","C57C4176CD12B5CAE053E660410AEE9E","2021/06/24 04:37:24.015","virendra.phophaliya@lntinfotech.com","2021/06/24 04:37:17.927","N",""
"DOCUSIGN USD PL","LEGAL_ENTITY","NONE","","US104112","Infotech Support -US","NONE","CONFIRMED","virendra.phophaliya@lntinfotech.com","C57C4176CD12B5CAE053E660410AEE9E","2021/06/24 04:37:24.12","virendra.phophaliya@lntinfotech.com","2021/06/24 04:37:17.941","N",""
"DOCUSIGN USD PL","LEGAL_ENTITY","NONE","","US106111","Infotech San Carlos Consulting","NONE","CONFIRMED","virendra.phophaliya@lntinfotech.com","C57C4176CD12B5CAE053E660410AEE9E","2021/06/24 04:37:24.196","virendra.phophaliya@lntinfotech.com","2021/06/24 04:37:17.955","N",""
"DOCUSIGN USD PL","LEGAL_ENTITY","NONE","","US107111","Infotech Stockton BFSI","NONE","CONFIRMED","virendra.phophaliya@lntinfotech.com","C57C4176CD12B5CAE053E660410AEE9E","2021/06/24 04:37:24.276","virendra.phophaliya@lntinfotech.com","2021/06/24 04:37:17.969","N",""
"DOCUSIGN USD PL","LEGAL_ENTITY","NONE","","US10811","Infotech Cupertino Support Services","NONE","CONFIRMED","virendra.phophaliya@lntinfotech.com","C57C4176CD12B5CAE053E660410AEE9E","2021/06/24 04:37:24.344","virendra.phophaliya@lntinfotech.com","2021/06/24 04:37:17.983","N",""
"DOCUSIGN USD PL","LEGAL_ENTITY","NONE","","US105111","Infotech Operations -US","NONE","CONFIRMED","virendra.phophaliya@lntinfotech.com","C57C4176CD12B5CAE053E660410AEE9E","2021/06/24 04:37:24.419","virendra.phophaliya@lntinfotech.com","2021/06/24 04:37:17.998","N",""
"DOCUSIGN USD PL","LEGAL_ENTITY","NONE","","US105112","Infotech Packaging -US","NONE","CONFIRMED","virendra.phophaliya@lntinfotech.com","C57C4176CD12B5CAE053E660410AEE9E","2021/06/24 04:37:24.494","virendra.phophaliya@lntinfotech.com","2021/06/24 04:37:18.018","N",""
"DOCUSIGN USD PL","LEGAL_ENTITY","NONE","","US105113","Infotech Shipping -US","NONE","CONFIRMED","virendra.phophaliya@lntinfotech.com","C57C4176CD12B5CAE053E660410AEE9E","2021/06/24 04:37:24.573","virendra.phophaliya@lntinfotech.com","2021/06/24 04:37:18.034","N",""
"DOCUSIGN CAD PL","LEGAL_ENTITY","NONE","","CN006654","Infotech Consulting - Canada","NONE","CONFIRMED","virendra.phophaliya@lntinfotech.com","C57C4176CD12B5CAE053E660410AEE9E","2021/06/24 04:37:25.172","virendra.phophaliya@lntinfotech.com","2021/06/24 04:37:22.993","N",""
"DOCUSIGN CAD PL","LEGAL_ENTITY","NONE","","CN006655","Infotech Support - Canada","NONE","CONFIRMED","virendra.phophaliya@lntinfotech.com","C57C4176CD12B5CAE053E660410AEE9E","2021/06/24 04:37:25.248","virendra.phophaliya@lntinfotech.com","2021/06/24 04:37:23.008","N",""
"DOCUSIGN IND PL","LEGAL_ENTITY","NONE","","IN001111","Infotech Consulting - India","NONE","CONFIRMED","virendra.phophaliya@lntinfotech.com","C57C4176CD12B5CAE053E660410AEE9E","2021/06/24 04:37:25.542","virendra.phophaliya@lntinfotech.com","2021/06/24 04:37:23.148","N",""
"DOCUSIGN IND PL","LEGAL_ENTITY","NONE","","IN001112","Infotech Support - India","NONE","CONFIRMED","virendra.phophaliya@lntinfotech.com","C57C4176CD12B5CAE053E660410AEE9E","2021/06/24 04:37:25.611","virendra.phophaliya@lntinfotech.com","2021/06/24 04:37:23.168","N",""
"Apple Primary Ledger","LEGAL_ENTITY","NONE","","9876543210","Apple Legal Entity","NONE","CONFIRMED","APPLE","E21783A43F9FCD60E053E660410A3E9C","2022/06/30 01:22:12.946","APPLE","2022/06/30 01:22:08.001","Y",""
"Acer Oman Primary Ledger","LEGAL_ENTITY","NONE","","ACE68768686","Acer Group Legal Entity","NONE","CONFIRMED","ACER","E3DFC04A0CF8AB92E053E560410A0741","2022/09/15 01:39:53.0","ACER","2022/09/03 03:26:08.001","N",""
"Acer Oman Primary Ledger","LEGAL_ENTITY","NONE","","ACE797979797","Acer Services LLC","NONE","CONFIRMED","ACER","E3DFC04A0CF8AB92E053E560410A0741","2022/09/15 01:39:53.031","ACER","2022/09/03 03:26:13.854","Y",""
"Boost US PL","LEGAL_ENTITY","NONE","","BOO797979777","Boost US LE","NONE","CONFIRMED","BOOST","EB92F343A372A0CEE053E560410A0BFC","2022/12/14 05:58:56.171","BOOST","2022/12/14 05:58:50.001","Y",""
"Axis IND PL","LEGAL_ENTITY","NONE","","AX797958668686","Axis IND LE","NONE","CONFIRMED","AXIS","F1E068EE79F2FC85E053E560410AB9EF","2023/01/15 03:26:16.639","AXIS","2023/01/15 03:26:13.001","Y",""
"Axis IND PL","LEGAL_ENTITY","NONE","","AXLE246568866","Axis IND2 LE","NONE","CONFIRMED","AXIS","F1E07ECBAF21FD9DE053E560410A85EE","2023/01/18 15:48:28.576","AXIS","2023/01/18 15:48:23.001","N",""
"CITI11 US","LEGAL_ENTITY","NONE","","92345678911","CITI_US11","NONE","CONFIRMED","Admin User","F65DDD512552C7C4E053E560410ABA83","2023/03/20 10:55:22.651","Admin User","2023/03/20 10:55:22.0","Y",""
"CITI11 GB","LEGAL_ENTITY","NONE","","923432345111","CITI_UK11","NONE","CONFIRMED","Admin User","F765FE26D9B0BD70E053E560410A8997","2023/03/23 10:23:54.275","Admin User","2023/03/23 10:23:54.0","N",""
"CITI13 US","LEGAL_ENTITY","NONE","","92345678913","CITI_US13","NONE","CONFIRMED","Admin User","F7677C1C95395D5BE053E660410ADC3B","2023/03/23 13:07:17.107","Admin User","2023/03/23 13:07:17.001","Y",""
"CITI14 US","LEGAL_ENTITY","NONE","","92345678914","CITI_US14","NONE","CONFIRMED","Admin User","F65DF997B22EC958E053E560410A1FD3","2023/03/14 15:51:15.1","Admin User","2023/03/14 15:51:15.034","Y",""
"GTPL Ledger IN","LEGAL_ENTITY","NONE","","GTPL110124","GTPL Gujarat","NONE","CONFIRMED","10675266","CC7087D5D469C406E053E660410A9760","2021/09/20 17:18:53.36","10675266","2021/09/20 17:18:48.285","Y",""
"GTPL Ledger IN","LEGAL_ENTITY","NONE","","GTPL110129","GTPL Maharashtra","NONE","CONFIRMED","10675266","CC7087D5D469C406E053E660410A9760","2021/09/20 17:18:53.545","10675266","2021/09/20 17:18:49.199","N",""
"GTPL Ledger IN","LEGAL_ENTITY","NONE","","GTPL210108","GTPL Rajasathan","NONE","CONFIRMED","10675266","CC7087D5D469C406E053E660410A9760","2021/09/20 17:18:53.597","10675266","2021/09/20 17:18:49.214","N",""
"GTPL Ledger IN","LEGAL_ENTITY","NONE","","RP700001","KCBPL","NONE","CONFIRMED","10675266","CC7087D5D469C406E053E660410A9760","2021/09/20 17:18:53.655","10675266","2021/09/20 17:18:49.227","N",""
"GTPL Ledger IN","LEGAL_ENTITY","NONE","","RP700002","GTPL Hathway","NONE","CONFIRMED","10675266","CC7087D5D469C406E053E660410A9760","2021/09/20 17:18:53.709","10675266","2021/09/20 17:18:49.241","N",""
"GTPL Ledger IN","LEGAL_ENTITY","NONE","","RP700003","Keval Mehta","NONE","CONFIRMED","10675266","CC7087D5D469C406E053E660410A9760","2021/09/20 17:18:53.766","10675266","2021/09/20 17:18:49.255","N",""
"GTPL Ledger IN","LEGAL_ENTITY","NONE","","RP700004","Etv","NONE","CONFIRMED","10675266","CC7087D5D469C406E053E660410A9760","2021/09/20 17:18:53.837","10675266","2021/09/20 17:18:49.269","N",""
"Jaza Primary Ledger","LEGAL_ENTITY","NONE","","JA89688765","Jaza US LE","NONE","CONFIRMED","JAZA","E3E052A5F98B8007E053E660410A9BFA","2022/07/17 03:34:56.302","JAZA","2022/07/17 03:34:52.001","Y",""
"Brand US Primary Ledger","LEGAL_ENTITY","NONE","","BR76866876876","Brand US Legal Entity","NONE","CONFIRMED","BRAND","E3DFC285FF16ABD9E053E560410A9E3A","2022/07/21 17:31:47.683","BRAND","2022/07/21 17:31:43.001","Y",""
"Accord Primary Ledger","LEGAL_ENTITY","NONE","","ACC989808","Accord Legal Entity","NONE","CONFIRMED","FLIPKART","E3E04CF438E47FFAE053E660410A2D7A","2022/08/06 01:31:26.065","FLIPKART","2022/08/06 01:31:19.001","Y",""
"ZE SA","LEGAL_ENTITY","NONE","","27171","ZE01","NONE","CONFIRMED","ahmed","E8F331DFBA3E5343E053E660410AE3EC","2022/09/18 13:19:53.458","ahmed","2022/09/18 13:19:48.123","Y",""
"OUES PL","LEGAL_ENTITY","NONE","","OUE79668686","OUES LE1","NONE","CONFIRMED","SHAIK","E3DFC2AEBA4CABFCE053E560410A539B","2022/10/05 07:21:43.825","SHAIK","2022/10/05 07:21:39.001","Y",""
"OUES PL","LEGAL_ENTITY","NONE","","OUESL2208080808","OUES LE2","NONE","CONFIRMED","SHAIK","E3E052E8889B8009E053E660410A0482","2022/10/08 01:23:32.082","SHAIK","2022/10/08 01:23:28.001","N",""
"CITI4 US","LEGAL_ENTITY","NONE","","1234567894","CITI_US4","NONE","CONFIRMED","virendra.phophaliya@lntinfotech.com","F2741988BEF03A56E053E560410A2ACC","2023/01/17 13:20:53.795","virendra.phophaliya@lntinfotech.com","2023/01/17 13:20:53.42","Y",""
"CITI4 GB","LEGAL_ENTITY","NONE","","12343234514","CITI_UK4","NONE","CONFIRMED","virendra.phophaliya@lntinfotech.com","F2741988BEF03A56E053E560410A2ACC","2023/01/17 13:20:53.844","virendra.phophaliya@lntinfotech.com","2023/01/17 13:20:53.66","N",""
"CITI6 US","LEGAL_ENTITY","NONE","","1234567896","CITI_US6","NONE","CONFIRMED","LTI Demo User","F1DE256ABA6EE741E053E660410A3318","2023/01/18 10:17:41.112","LTI Demo User","2023/01/18 10:17:40.931","Y",""
"CITI7 US","LEGAL_ENTITY","NONE","","1234567897","CITI_US7","NONE","CONFIRMED","LTI Demo User","F1E09490B337FE39E053E560410A3FE6","2023/01/19 05:09:57.009","LTI Demo User","2023/01/19 05:09:56.839","Y",""
"CITI8 US","LEGAL_ENTITY","NONE","","1234567898","CITI_US8","NONE","CONFIRMED","LTI Demo User","F1DE21A4BFE0E678E053E660410A0268","2023/01/19 11:53:56.557","LTI Demo User","2023/01/19 11:53:56.352","Y",""
"CITI9 US","LEGAL_ENTITY","NONE","","1234567899","CITI_US9","NONE","CONFIRMED","LTI Demo User","F1DE2DE76D69E7B7E053E660410AD227","2023/01/19 14:46:10.063","LTI Demo User","2023/01/19 14:46:09.874","Y",""
"CITI15 US","LEGAL_ENTITY","NONE","","92345678915","CITI_US15","NONE","CONFIRMED","Admin User","F7E77E8BB7DAB38FE053E660410A2862","2023/03/28 11:43:03.521","Admin User","2023/03/28 11:43:03.173","Y",""
"CITI17 US","LEGAL_ENTITY","NONE","","92345678917","CITI_US17","NONE","CONFIRMED","Admin User","F7E98F0A5BEFC1FDE053E560410AD5E4","2023/03/28 11:30:01.853","Admin User","2023/03/28 11:30:01.001","Y",""
"RETAL Primary Ledger","LEGAL_ENTITY","NONE","","202315009344","Retal Legal Entity","NONE","CONFIRMED","10698043","E216B2758882682AE053E560410ACED0","2022/06/28 16:40:36.801","10698043","2022/06/28 16:39:46.001","Y",""
"RETAL Primary Ledger","LEGAL_ENTITY","NONE","","202315109797","BCC Legal Entity","NONE","CONFIRMED","10698043","E216B2758882682AE053E560410ACED0","2022/06/28 16:40:36.833","10698043","2022/06/28 16:40:19.2","N",""
"RETAL Primary Ledger","LEGAL_ENTITY","NONE","","202317409556","Nesaj Legal Entity","NONE","CONFIRMED","10698043","E216B2758882682AE053E560410ACED0","2022/06/28 16:40:36.839","10698043","2022/06/28 16:40:30.083","N",""
"DELL PLedger","LEGAL_ENTITY","NONE","","DELL 11291907","DELL Legal Entity","NONE","CONFIRMED","DELL","E216B1C3B9196814E053E560410A9E6B","2022/07/09 06:14:28.921","DELL","2022/07/09 06:14:19.001","Y",""
"Amazon Khobar PL","LEGAL_ENTITY","NONE","","AMA779776","Amazon Khobar LE","NONE","CONFIRMED","AMAZON","E3DFC28DE28AABE6E053E560410AEF7F","2022/08/01 12:56:55.277","AMAZON","2022/08/01 12:56:51.001","Y",""
"AAP US Primary Ledger","LEGAL_ENTITY","NONE","","AAP8080808888","AAP US Legal Entity","NONE","CONFIRMED","AAP","E3E057DC8858806FE053E660410A4386","2022/08/22 06:41:10.692","AAP","2022/08/22 06:41:04.001","Y",""
"Aramco US Primary Ledger","LEGAL_ENTITY","NONE","","ARA080779708","Aramco US Legal Entity","NONE","CONFIRMED","BEST","E3E04D84EBCA7FEFE053E660410AD2D6","2022/09/07 10:44:12.636","BEST","2022/09/07 10:44:09.001","Y",""
"CCC Primary Ledger","LEGAL_ENTITY","NONE","","CCC7979797","CCC Legal Entity","NONE","CONFIRMED","CCC","E3E04989BE327FD0E053E660410A625D","2022/09/19 12:36:48.771","CCC","2022/09/19 12:36:45.001","Y",""
"LG SA Primary Ledger","LEGAL_ENTITY","NONE","","LGK809807807","LG Khobar Legal Entity","NONE","CONFIRMED","SHAIK","E3E05CFD36718169E053E660410A5A90","2022/10/02 08:45:06.511","SHAIK","2022/10/02 08:44:56.001","Y",""
"LG SA Primary Ledger","LEGAL_ENTITY","NONE","","LGR6978684574","LG RIYADH Legal Entity","NONE","CONFIRMED","SHAIK","E3E05CFD36718169E053E660410A5A90","2022/10/02 08:45:06.537","SHAIK","2022/10/02 08:45:01.321","N",""
"Alibaba US PL","LEGAL_ENTITY","NONE","","ALI7997979796","Alibaba US1 LE","NONE","CONFIRMED","ALIBABA","EB9384AED9A0E650E053E660410A056C","2022/10/23 02:41:13.47","ALIBABA","2022/10/23 02:41:06.001","Y",""
"Atom Primay Ledger","LEGAL_ENTITY","NONE","","AT9999999","Atom Legal Entity","NONE","CONFIRMED","ATOM","E21776121835CC7AE053E660410A909D","2022/07/06 06:12:56.41","ATOM","2022/07/06 06:12:51.001","Y",""
"Flipkart PL","LEGAL_ENTITY","NONE","","FLIP799797","Flipkart Legal Entity","NONE","CONFIRMED","FLIPKART","E3E057D56D2A806FE053E660410A4386","2022/08/05 14:34:59.727","FLIPKART","2022/08/05 14:34:54.001","Y",""
"ADDI Primary Ledger","LEGAL_ENTITY","NONE","","ADD00808087","ADDI legal Entity","NONE","CONFIRMED","ADDI","E3E05CF39F738169E053E660410A5A90","2022/08/28 06:59:25.628","ADDI","2022/08/28 06:59:22.001","Y",""
"ADDI Primary Ledger","LEGAL_ENTITY","NONE","","ADU416868686","ADDI US2 Legal Entity","NONE","CONFIRMED","ADDI","E3E05CF39F738169E053E660410A5A90","2022/08/28 07:04:53.613","ADDI","2022/08/28 07:04:41.001","N",""
"Broad KSA1 PL","LEGAL_ENTITY","NONE","","BRO79979669779","Broad LE1","NONE","CONFIRMED","BROAD","E3E052EB86488009E053E660410A0482","2022/10/14 04:35:45.844","BROAD","2022/10/14 04:35:29.003","Y",""
"Broad KSA1 PL","LEGAL_ENTITY","NONE","","BR0998080797","Broad LE2","NONE","CONFIRMED","BROAD","E3E052EB86488009E053E660410A0482","2022/10/14 04:35:45.912","BROAD","2022/10/14 04:35:35.995","N",""
"Care IND PL","LEGAL_ENTITY","NONE","","CARE7979769797","Care IND LE","NONE","CONFIRMED","CARE","F05EEA8BC26ACC5BE053E560410A341E","2022/12/26 08:41:28.574","CARE","2022/12/26 08:41:18.001","Y",""
"Atlas US PL","LEGAL_ENTITY","NONE","","ALA807968689797","Atlas LA LE","NONE","CONFIRMED","ATLAS","F05FA2D52A190041E053E660410A7527","2023/01/08 06:03:15.449","ATLAS","2023/01/08 06:03:07.249","N",""
"Atlas US PL","LEGAL_ENTITY","NONE","","ADC975586868","Atlas DC LE","NONE","CONFIRMED","ATLAS","F05FA2D52A190041E053E660410A7527","2023/01/08 06:03:15.441","ATLAS","2023/01/08 06:03:07.244","N",""
"Atlas US PL","LEGAL_ENTITY","NONE","","AIL79797545890","Atlas IL LE","NONE","CONFIRMED","ATLAS","F05FA2D52A190041E053E660410A7527","2023/01/08 06:03:15.413","ATLAS","2023/01/08 06:03:07.001","Y",""
"CITI5 US","LEGAL_ENTITY","NONE","","1234567895","CITI_US5","NONE","CONFIRMED","LTI Demo User","F1E06BA7D64BFD07E053E560410A0D85","2023/01/18 10:00:21.058","LTI Demo User","2023/01/18 10:00:20.857","Y",""
"Vision US US","LEGAL_ENTITY","NONE","","VISION US1","VISION US LE 1","NONE","CONFIRMED","LTI Demo User","F56B2E1C53353053E053E560410ABDA4","2023/02/24 05:54:18.611","LTI Demo User","2023/02/24 05:54:17.641","Y",""
"Vision US US","LEGAL_ENTITY","NONE","","VISION US3","VISION US LE 2","NONE","CONFIRMED","LTI Demo User","F56B2E1C53353053E053E560410ABDA4","2023/02/24 05:54:18.676","LTI Demo User","2023/02/24 05:54:18.068","N",""
